file,has_dip,baseline_a,center,width,depth,snr,improvement,support_points,rect_score,z_drop,note,image,time_col,y_col,source
/Users/seo_hyun/coding/core/result/negative/star0009.csv,False,1.0000032186508179,2459730.250000001,0.16043523142777436,0.0009821196437661188,0.4704853822802076,0.0,66,0.5585563278274517,1.7134081797644034,"Rejected by U/V shape (z=1.71, q3=True, slope=False, lower_rect=False, trend_ok=False).",/Users/seo_hyun/coding/core/result/negative/_dip_outputs/star0009.png,JD,star0009,refined
/Users/seo_hyun/coding/core/result/negative/star0010.csv,False,0.999427080154419,2459730.085231705,0.17355193210186776,0.000879616720402166,0.7238514298379153,0.0,30,0.5309080933663024,0.9701608083763913,"Rejected by U/V shape (z=0.97, q3=True, slope=True, lower_rect=False, trend_ok=False).",/Users/seo_hyun/coding/core/result/negative/_dip_outputs/star0010.png,JD,star0010,refined
/Users/seo_hyun/coding/core/result/negative/star0011.csv,False,0.9996346831321716,2459730.085231705,0.14631003550798388,0.0003651897802007141,0.30947857876720153,0.0,24,0.38098595655538997,2.8187763540763044,"Rejected by U/V shape (z=2.82, q3=True, slope=True, lower_rect=False, trend_ok=False).",/Users/seo_hyun/coding/core/result/negative/_dip_outputs/star0011.png,JD,star0011,refined
/Users/seo_hyun/coding/core/result/negative/star0012.csv,True,1.0001471815261738,2459730.203947199,0.04140328414523889,0.0015987847995748705,0.9358833131655437,0.25722226014672367,19,0.34730206984022294,2.09650371016158,,/Users/seo_hyun/coding/core/result/negative/_dip_outputs/star0012.png,JD,star0012,coarse
/Users/seo_hyun/coding/core/result/negative/star0013.csv,False,1.0003520250320435,2459730.085231705,0.1774402489785391,0.0008060697631649697,0.7242831744767592,0.0,31,0.32128518197608713,5.35834039820445,"Rejected by U/V shape (z=5.36, q3=True, slope=True, lower_rect=False, trend_ok=False).",/Users/seo_hyun/coding/core/result/negative/_dip_outputs/star0013.png,JD,star0013,refined
/Users/seo_hyun/coding/core/result/negative/star0014.csv,False,0.9999509453773499,2459730.085231705,0.165050410797281,0.0009494153724531369,0.7234551952946319,0.0,28,0.33764669472265024,1.9475519550172031,"Rejected by U/V shape (z=1.95, q3=True, slope=True, lower_rect=False, trend_ok=False).",/Users/seo_hyun/coding/core/result/negative/_dip_outputs/star0014.png,JD,star0014,refined
/Users/seo_hyun/coding/core/result/negative/star0015.csv,False,0.9994268417358398,2459730.085231705,0.17481959096450006,0.0007425843434422944,0.724283135682398,0.0,31,0.2823393912912806,2.7089287423239825,"Rejected by U/V shape (z=2.71, q3=True, slope=True, lower_rect=False, trend_ok=False).",/Users/seo_hyun/coding/core/result/negative/_dip_outputs/star0015.png,JD,star0015,refined
/Users/seo_hyun/coding/core/result/negative/star0016.csv,False,0.9993807673454285,2459730.085231705,0.17740778978971192,0.0007989234377387192,0.7242831773715016,0.0,31,0.32504389922836674,4.233311978027141,"Rejected by U/V shape (z=4.23, q3=True, slope=True, lower_rect=False, trend_ok=False).",/Users/seo_hyun/coding/core/result/negative/_dip_outputs/star0016.png,JD,star0016,refined
/Users/seo_hyun/coding/core/result/negative/star0017.csv,False,0.9996458888053894,2459730.085231705,0.17580095367072168,0.0007249918013996127,0.7245592537265128,0.0,31,0.40934694586288944,2.1638167398921797,"Rejected by U/V shape (z=2.16, q3=True, slope=True, lower_rect=False, trend_ok=False).",/Users/seo_hyun/coding/core/result/negative/_dip_outputs/star0017.png,JD,star0017,refined
/Users/seo_hyun/coding/core/result/negative/star0018.csv,False,0.9995481967926025,2459730.250000001,0.1707797944571659,0.0005307704720644566,0.4715629238037269,0.0,68,0.41166123920836917,0.5804501839062831,"Rejected by U/V shape (z=0.58, q3=True, slope=False, lower_rect=False, trend_ok=False).",/Users/seo_hyun/coding/core/result/negative/_dip_outputs/star0018.png,JD,star0018,refined
/Users/seo_hyun/coding/core/result/negative/star0019.csv,False,1.000619888305664,2459730.250000001,0.17225230090148128,0.0005284157552379974,0.4715629061560974,0.0033364228636604044,68,0.3847695878885869,0.9325719882428308,"Rejected by U/V shape (z=0.93, q3=True, slope=False, lower_rect=False, trend_ok=False).",/Users/seo_hyun/coding/core/result/negative/_dip_outputs/star0019.png,JD,star0019,refined
/Users/seo_hyun/coding/core/result/negative/star0020.csv,False,0.9999023079872131,2459730.250000001,0.165953140079634,0.000571352291540301,0.4713829589610524,0.0,67,0.34109838784967117,2.090114863066808,"Rejected by U/V shape (z=2.09, q3=True, slope=False, lower_rect=False, trend_ok=False).",/Users/seo_hyun/coding/core/result/negative/_dip_outputs/star0020.png,JD,star0020,refined
/Users/seo_hyun/coding/core/result/negative/star0021.csv,False,0.9999421834945679,2459730.085231705,0.14646351953606673,0.00040117934338907536,0.3094786946355204,0.0,24,0.36750333979000455,6.586435011087233,"Rejected by U/V shape (z=6.59, q3=True, slope=True, lower_rect=False, trend_ok=False).",/Users/seo_hyun/coding/core/result/negative/_dip_outputs/star0021.png,JD,star0021,refined
/Users/seo_hyun/coding/core/result/negative/star0022.csv,False,0.999758780002594,2459730.085231705,0.16951522651080742,0.0009216633473406058,0.7237312728855492,0.0,30,0.4070705081217014,2.662123203203992,"Rejected by U/V shape (z=2.66, q3=True, slope=True, lower_rect=False, trend_ok=False).",/Users/seo_hyun/coding/core/result/negative/_dip_outputs/star0022.png,JD,star0022,refined
/Users/seo_hyun/coding/core/result/negative/star0023.csv,False,1.0000650882720947,2459730.250000001,0.164968079005452,0.0006143822336600986,0.47138313736238324,0.0,67,0.33601145160081997,0.8292560390823773,"Rejected by U/V shape (z=0.83, q3=True, slope=False, lower_rect=False, trend_ok=False).",/Users/seo_hyun/coding/core/result/negative/_dip_outputs/star0023.png,JD,star0023,refined
/Users/seo_hyun/coding/core/result/negative/star0024.csv,False,0.9997529983520508,2459730.085231705,0.17612075693450902,0.0008391970265227421,0.7240069464907328,0.0,31,0.3901405604442864,2.5433530640908795,"Rejected by U/V shape (z=2.54, q3=True, slope=True, lower_rect=False, trend_ok=False).",/Users/seo_hyun/coding/core/result/negative/_dip_outputs/star0024.png,JD,star0024,refined
/Users/seo_hyun/coding/core/result/negative/star0025.csv,False,0.999782919883728,2459730.085231705,0.16976913078904438,0.0010491737911986732,0.7231795330117919,0.0,30,0.3054224217492927,3.5557312810424495,"Rejected by U/V shape (z=3.56, q3=True, slope=True, lower_rect=False, trend_ok=False).",/Users/seo_hyun/coding/core/result/negative/_dip_outputs/star0025.png,JD,star0025,refined
/Users/seo_hyun/coding/core/result/negative/star0026.csv,False,0.999799370765686,2459730.085231705,0.17655022976024107,0.000999818496869079,0.7234552595477364,0.0,31,0.33977698843705945,3.078352327201549,"Rejected by U/V shape (z=3.08, q3=True, slope=True, lower_rect=False, trend_ok=False).",/Users/seo_hyun/coding/core/result/negative/_dip_outputs/star0026.png,JD,star0026,refined
/Users/seo_hyun/coding/core/result/negative/star0027.csv,False,1.0001040697097778,2459730.085231705,0.14473144470018162,0.0005392417891910472,0.3093606510662432,0.0,24,0.3382113774886208,0.31070880428005726,"Rejected by U/V shape (z=0.31, q3=True, slope=True, lower_rect=False, trend_ok=False).",/Users/seo_hyun/coding/core/result/negative/_dip_outputs/star0027.png,JD,star0027,refined
/Users/seo_hyun/coding/core/result/negative/star0028.csv,False,0.9995135068893433,2459730.085231705,0.17763907913334456,0.000875770987313251,0.7240070518354991,0.0,31,0.36189018379237814,5.879197872817701,"Rejected by U/V shape (z=5.88, q3=True, slope=True, lower_rect=False, trend_ok=False).",/Users/seo_hyun/coding/core/result/negative/_dip_outputs/star0028.png,JD,star0028,refined
/Users/seo_hyun/coding/core/result/negative/star0029.csv,False,0.999876856803894,2459730.085231705,0.17716470197617043,0.001152868644007881,0.7226284580203928,0.0,31,0.27625331492731114,2.910989348328164,"Rejected by U/V shape (z=2.91, q3=True, slope=True, lower_rect=False, trend_ok=False).",/Users/seo_hyun/coding/core/result/negative/_dip_outputs/star0029.png,JD,star0029,refined
/Users/seo_hyun/coding/core/result/negative/star0030.csv,False,0.999819278717041,2459730.085231705,0.17763505575092187,0.0021833583569226033,0.714545041758918,0.0,31,0.43486910491583197,5.710547935355111,"Rejected by U/V shape (z=5.71, q3=True, slope=True, lower_rect=False, trend_ok=False).",/Users/seo_hyun/coding/core/result/negative/_dip_outputs/star0030.png,JD,star0030,refined
/Users/seo_hyun/coding/core/result/negative/star0031.csv,False,1.000004768371582,2459730.085231705,0.1758501917960094,0.0009961066980498255,0.7234553494901429,0.0,31,0.4105181601305703,2.7653898926161906,"Rejected by U/V shape (z=2.77, q3=True, slope=True, lower_rect=False, trend_ok=False).",/Users/seo_hyun/coding/core/result/negative/_dip_outputs/star0031.png,JD,star0031,refined
/Users/seo_hyun/coding/core/result/negative/star0032.csv,False,0.9997147917747498,2459730.250000001,0.15671927848342368,0.0017276374286140852,1.0378352374425865,0.0,65,0.32499266646670316,0.6863864647110636,"Rejected by U/V shape (z=0.69, q3=True, slope=False, lower_rect=False, trend_ok=False).",/Users/seo_hyun/coding/core/result/negative/_dip_outputs/star0032.png,JD,star0032,refined
/Users/seo_hyun/coding/core/result/negative/star0033.csv,False,0.9995222091674805,2459730.085231705,0.17708371110974835,0.0008959631333174338,0.7237312358754089,0.0,31,0.5018010320227966,3.9185259371051195,"Rejected by U/V shape (z=3.92, q3=True, slope=True, lower_rect=False, trend_ok=False).",/Users/seo_hyun/coding/core/result/negative/_dip_outputs/star0033.png,JD,star0033,refined
/Users/seo_hyun/coding/core/result/negative/star0034.csv,False,1.0003185272216797,2459730.250000001,0.16839382570627254,0.0007156131677394609,0.4712034241880461,0.0,67,0.4388575286403402,0.8606879424016931,"Rejected by U/V shape (z=0.86, q3=True, slope=False, lower_rect=False, trend_ok=False).",/Users/seo_hyun/coding/core/result/negative/_dip_outputs/star0034.png,JD,star0034,refined
/Users/seo_hyun/coding/core/result/negative/star0035.csv,False,1.0003790855407715,2459730.250000001,0.16958748251208222,0.0005987216113686129,0.4713831061417533,0.0,68,0.30654769103399915,0.7801261976848791,"Rejected by U/V shape (z=0.78, q3=True, slope=False, lower_rect=False, trend_ok=False).",/Users/seo_hyun/coding/core/result/negative/_dip_outputs/star0035.png,JD,star0035,refined
/Users/seo_hyun/coding/core/result/negative/star0036.csv,False,0.999424397945404,2459730.250000001,0.1570424712119619,0.00199054501325194,1.034429450111909,0.0,65,0.40744629635790675,0.30897120833064456,"Rejected by U/V shape (z=0.31, q3=True, slope=False, lower_rect=False, trend_ok=False).",/Users/seo_hyun/coding/core/result/negative/_dip_outputs/star0036.png,JD,star0036,refined
/Users/seo_hyun/coding/core/result/negative/star0037.csv,False,0.9996440410614014,2459730.085231705,0.14575375082169406,0.00035665515232377414,0.3094786755766629,0.0,24,0.3173460464920965,2.8080136601603147,"Rejected by U/V shape (z=2.81, q3=True, slope=True, lower_rect=False, trend_ok=False).",/Users/seo_hyun/coding/core/result/negative/_dip_outputs/star0037.png,JD,star0037,refined
/Users/seo_hyun/coding/core/result/negative/star0038.csv,False,0.9997186660766602,2459730.085231705,0.17596871003668896,0.0014690717876844773,0.7207032769245961,0.0,31,0.5772825394035268,1.816561443267987,"Rejected by U/V shape (z=1.82, q3=True, slope=True, lower_rect=False, trend_ok=False).",/Users/seo_hyun/coding/core/result/negative/_dip_outputs/star0038.png,JD,star0038,refined
/Users/seo_hyun/coding/core/result/negative/star0039.csv,False,0.9999673962593079,2459730.250000001,0.15309485062504752,0.001806282164831905,1.0367660658966598,0.0,64,0.3332755265540123,0.963712465167341,"Rejected by U/V shape (z=0.96, q3=True, slope=False, lower_rect=False, trend_ok=False).",/Users/seo_hyun/coding/core/result/negative/_dip_outputs/star0039.png,JD,star0039,refined
/Users/seo_hyun/coding/core/result/negative/star0040.csv,False,0.9999553561210632,2459730.250000001,0.16702835754608056,0.0007378240279088998,0.4710237987458269,0.0,67,0.3932900011330007,1.1596220532384751,"Rejected by U/V shape (z=1.16, q3=True, slope=False, lower_rect=False, trend_ok=False).",/Users/seo_hyun/coding/core/result/negative/_dip_outputs/star0040.png,JD,star0040,refined
/Users/seo_hyun/coding/core/result/negative/star0041.csv,True,0.9999535462454752,2459730.2096003285,0.03535561342739501,0.0013412736945825556,0.7780787224384289,0.17910048436918455,16,0.37276376929197674,1.959555131033124,,/Users/seo_hyun/coding/core/result/negative/_dip_outputs/star0041.png,JD,star0041,coarse
/Users/seo_hyun/coding/core/result/negative/star0042.csv,False,1.0002440214157104,2459730.250000001,0.14208508838138006,0.0016602423262965726,1.038626058417096,0.0,61,0.4587878859058472,1.302782012970823,"Rejected by U/V shape (z=1.30, q3=True, slope=False, lower_rect=False, trend_ok=False).",/Users/seo_hyun/coding/core/result/negative/_dip_outputs/star0042.png,JD,star0042,refined
/Users/seo_hyun/coding/core/result/negative/star0043.csv,False,1.0007727146148682,2459730.085231705,0.17634662660984932,0.0011581087321444685,0.7226284608895365,0.0,31,0.5462326081260738,1.6424288869318657,"Rejected by U/V shape (z=1.64, q3=True, slope=True, lower_rect=False, trend_ok=False).",/Users/seo_hyun/coding/core/result/negative/_dip_outputs/star0043.png,JD,star0043,refined
/Users/seo_hyun/coding/core/result/negative/star0044.csv,False,0.999670147895813,2459730.085231705,0.1775432056236457,0.0010299456951228542,0.723179520429403,0.0,31,0.32236304838773766,6.675107464849255,"Rejected by U/V shape (z=6.68, q3=True, slope=True, lower_rect=False, trend_ok=False).",/Users/seo_hyun/coding/core/result/negative/_dip_outputs/star0044.png,JD,star0044,refined
/Users/seo_hyun/coding/core/result/negative/star0045.csv,False,1.0002168416976929,2459730.250000001,0.15605837008576987,0.002003071355826964,1.0342832113978448,0.0,65,0.4305779843051972,0.5606713456333873,"Rejected by U/V shape (z=0.56, q3=True, slope=False, lower_rect=False, trend_ok=False).",/Users/seo_hyun/coding/core/result/negative/_dip_outputs/star0045.png,JD,star0045,refined
/Users/seo_hyun/coding/core/result/negative/star0046.csv,False,1.0000951290130615,2459730.085231705,0.1775268898706323,0.0011435080077978421,0.7226285288113993,0.0,31,0.33658331250748674,4.6560169474643835,"Rejected by U/V shape (z=4.66, q3=True, slope=True, lower_rect=False, trend_ok=False).",/Users/seo_hyun/coding/core/result/negative/_dip_outputs/star0046.png,JD,star0046,refined
/Users/seo_hyun/coding/core/result/negative/star0047.csv,True,0.9999545152353264,2459730.249172234,0.029307942709551126,0.0020817516179521844,0.9088116019923487,0.1120782924057892,14,0.40429314083134743,4.664951297930565,,/Users/seo_hyun/coding/core/result/negative/_dip_outputs/star0047.png,JD,star0047,coarse
/Users/seo_hyun/coding/core/result/negative/star0048.csv,False,0.9991563558578491,2459730.250000001,0.15069270427306874,0.0019183663470625735,1.0354319330647264,0.0,63,0.5014743260243528,2.382481832841991,"Rejected by U/V shape (z=2.38, q3=True, slope=True, lower_rect=False, trend_ok=False).",/Users/seo_hyun/coding/core/result/negative/_dip_outputs/star0048.png,JD,star0048,refined
/Users/seo_hyun/coding/core/result/negative/star0049.csv,True,0.999975044239388,2459730.237865975,0.029307942709551126,0.0020244764168259473,0.9129957250742688,0.2041756744781006,14,0.48405744151144636,2.0857688523281537,,/Users/seo_hyun/coding/core/result/negative/_dip_outputs/star0049.png,JD,star0049,coarse
/Users/seo_hyun/coding/core/result/negative/star0050.csv,False,1.0005872249603271,2459730.085231705,0.14572443554391976,0.0004861420865659587,0.3093606718811541,0.0,24,0.45133537440201754,1.7035503312116347,"Rejected by U/V shape (z=1.70, q3=True, slope=True, lower_rect=False, trend_ok=False).",/Users/seo_hyun/coding/core/result/negative/_dip_outputs/star0050.png,JD,star0050,refined
/Users/seo_hyun/coding/core/result/negative/star0051.csv,False,0.999933123588562,2459730.085231705,0.1779938467649099,0.0016368686623325118,0.7193678303026808,0.0,31,0.4256249955192805,5.594646276639346,"Rejected by U/V shape (z=5.59, q3=True, slope=True, lower_rect=False, trend_ok=False).",/Users/seo_hyun/coding/core/result/negative/_dip_outputs/star0051.png,JD,star0051,refined
/Users/seo_hyun/coding/core/result/negative/star0052.csv,False,0.9997153282165527,2459730.085231705,0.17769546613926848,0.001105611658482059,0.7229040923100929,0.0,31,0.38983580969913,7.686306183264056,"Rejected by U/V shape (z=7.69, q3=True, slope=True, lower_rect=False, trend_ok=False).",/Users/seo_hyun/coding/core/result/negative/_dip_outputs/star0052.png,JD,star0052,refined
/Users/seo_hyun/coding/core/result/negative/star0054.csv,False,1.0000401735305786,2459730.250000001,0.1459007690890388,0.0016443037148582205,1.0386261561759378,0.0,62,0.4559876615312082,1.4193482606001433,"Rejected by U/V shape (z=1.42, q3=True, slope=False, lower_rect=False, trend_ok=False).",/Users/seo_hyun/coding/core/result/negative/_dip_outputs/star0054.png,JD,star0054,refined
/Users/seo_hyun/coding/core/result/negative/star0055.csv,False,0.9999384880065918,2459730.085231705,0.1589716683452831,0.0010878121247293875,0.7229041736406379,0.028836926960504182,27,0.48558825808335765,2.2194998368469316,"Rejected by U/V shape (z=2.22, q3=True, slope=True, lower_rect=False, trend_ok=False).",/Users/seo_hyun/coding/core/result/negative/_dip_outputs/star0055.png,JD,star0055,refined
/Users/seo_hyun/coding/core/result/negative/star0056.csv,False,0.9995393753051758,2459730.085231705,0.17777272783423181,0.0011631353578149658,0.7226285682289719,0.0,31,0.4264976016359577,5.263312938838223,"Rejected by U/V shape (z=5.26, q3=True, slope=True, lower_rect=False, trend_ok=False).",/Users/seo_hyun/coding/core/result/negative/_dip_outputs/star0056.png,JD,star0056,refined
/Users/seo_hyun/coding/core/result/negative/star0057.csv,False,0.9998704195022583,2459730.085231705,0.17775904175055363,0.001585526510472475,0.7198800566459381,0.0,31,0.4790331803460595,2.434814597150211,"Rejected by U/V shape (z=2.43, q3=True, slope=True, lower_rect=False, trend_ok=False).",/Users/seo_hyun/coding/core/result/negative/_dip_outputs/star0057.png,JD,star0057,refined
/Users/seo_hyun/coding/core/result/negative/star0058.csv,False,0.9994231462478638,2459730.085231705,0.15365796311186808,0.0011947050438608315,0.7223531318562849,0.0,26,0.4398370131917256,1.8745615156416635,"Rejected by U/V shape (z=1.87, q3=True, slope=True, lower_rect=False, trend_ok=False).",/Users/seo_hyun/coding/core/result/negative/_dip_outputs/star0058.png,JD,star0058,refined
/Users/seo_hyun/coding/core/result/negative/star0059.csv,False,0.9998026490211487,2459730.250000001,0.16629546170133797,0.0008156247308258165,0.4708441797517722,0.0,67,0.546912752439222,1.165353901537041,"Rejected by U/V shape (z=1.17, q3=True, slope=False, lower_rect=False, trend_ok=False).",/Users/seo_hyun/coding/core/result/negative/_dip_outputs/star0059.png,JD,star0059,refined
/Users/seo_hyun/coding/core/result/negative/star0060.csv,False,0.9999003410339355,2459730.085231705,0.17577301341630394,0.0014625748443241843,0.7207032575855816,0.0,31,0.4276891834455501,2.6723485003189724,"Rejected by U/V shape (z=2.67, q3=True, slope=True, lower_rect=False, trend_ok=False).",/Users/seo_hyun/coding/core/result/negative/_dip_outputs/star0060.png,JD,star0060,refined
/Users/seo_hyun/coding/core/result/negative/star0061.csv,False,1.0001939535140991,2459730.085231705,0.17289734660727601,0.0013251133900690636,0.7215276590415921,0.019464566165864665,30,0.4815928140970662,1.9658026569754998,"Rejected by U/V shape (z=1.97, q3=True, slope=True, lower_rect=False, trend_ok=False).",/Users/seo_hyun/coding/core/result/negative/_dip_outputs/star0061.png,JD,star0061,refined
/Users/seo_hyun/coding/core/result/negative/star0062.csv,False,1.0004593133926392,2459730.250000001,0.15927614121034525,0.0007549685085010288,0.47102370337395977,0.0,65,0.41376207452108904,1.1863235044292357,"Rejected by U/V shape (z=1.19, q3=True, slope=False, lower_rect=False, trend_ok=False).",/Users/seo_hyun/coding/core/result/negative/_dip_outputs/star0062.png,JD,star0062,refined
/Users/seo_hyun/coding/core/result/negative/star0063.csv,False,1.0001124143600464,2459730.250000001,0.16419270253499096,0.0008244157764558866,0.4708441693981712,0.0,66,0.49350185738641156,1.6547621572596813,"Rejected by U/V shape (z=1.65, q3=True, slope=False, lower_rect=False, trend_ok=False).",/Users/seo_hyun/coding/core/result/negative/_dip_outputs/star0063.png,JD,star0063,refined
/Users/seo_hyun/coding/core/result/negative/star0064.csv,False,0.9996659755706787,2459730.085231705,0.17784285719088921,0.001304650569507085,0.7218028589671084,0.0,31,0.37435005475682115,5.904982173574742,"Rejected by U/V shape (z=5.90, q3=True, slope=True, lower_rect=False, trend_ok=False).",/Users/seo_hyun/coding/core/result/negative/_dip_outputs/star0064.png,JD,star0064,refined
/Users/seo_hyun/coding/core/result/negative/star0065.csv,False,0.9992108345031738,2459730.085231705,0.16782850738029825,0.0012721509976557713,0.721802875690136,0.0,29,0.46867463503518225,0.7636148367425876,"Rejected by U/V shape (z=0.76, q3=True, slope=True, lower_rect=False, trend_ok=False).",/Users/seo_hyun/coding/core/result/negative/_dip_outputs/star0065.png,JD,star0065,refined
/Users/seo_hyun/coding/core/result/negative/star0066.csv,False,1.000046730041504,2459730.085231705,0.17665958320247152,0.001264225157947955,0.7220172878517342,0.0,31,0.3619970691159787,11.184297978203539,"Rejected by U/V shape (z=11.18, q3=True, slope=True, lower_rect=False, trend_ok=False).",/Users/seo_hyun/coding/core/result/negative/_dip_outputs/star0066.png,JD,star0066,refined
/Users/seo_hyun/coding/core/result/negative/star0067.csv,False,1.0000855922698975,2459730.085231705,0.1779012456984283,0.0029005440158121477,0.705938933353313,0.0,31,0.40978573374863725,6.627537826579212,"Rejected by U/V shape (z=6.63, q3=True, slope=True, lower_rect=False, trend_ok=False).",/Users/seo_hyun/coding/core/result/negative/_dip_outputs/star0067.png,JD,star0067,refined
/Users/seo_hyun/coding/core/result/negative/star0068.csv,False,0.9996322989463806,2459730.085231705,0.1657466907930875,0.0014948263443201502,0.7204288748590151,0.0,29,0.44234001611233636,0.7826554518919163,"Rejected by U/V shape (z=0.78, q3=True, slope=True, lower_rect=False, trend_ok=False).",/Users/seo_hyun/coding/core/result/negative/_dip_outputs/star0068.png,JD,star0068,refined
/Users/seo_hyun/coding/core/result/negative/star0069.csv,False,1.0001811981201172,2459730.250000001,0.14451110461913153,0.0009742798324161132,0.4704853120530411,0.0,62,0.22155727463606317,1.5293322535908183,"Rejected by U/V shape (z=1.53, q3=True, slope=False, lower_rect=False, trend_ok=False).",/Users/seo_hyun/coding/core/result/negative/_dip_outputs/star0069.png,JD,star0069,refined
/Users/seo_hyun/coding/core/result/negative/star0070.csv,False,0.9998974204063416,2459730.085231705,0.1778339056223185,0.0013836666297107854,0.7212528898769409,0.0,31,0.39955325331601915,5.107021652999253,"Rejected by U/V shape (z=5.11, q3=True, slope=True, lower_rect=False, trend_ok=False).",/Users/seo_hyun/coding/core/result/negative/_dip_outputs/star0070.png,JD,star0070,refined
/Users/seo_hyun/coding/core/result/negative/star0071.csv,False,0.9998919367790222,2459730.085231705,0.17492312421402567,0.0017361369051878425,0.7186495348252806,0.0,31,0.4806420426431979,1.9111536280793644,"Rejected by U/V shape (z=1.91, q3=True, slope=True, lower_rect=False, trend_ok=False).",/Users/seo_hyun/coding/core/result/negative/_dip_outputs/star0071.png,JD,star0071,refined
/Users/seo_hyun/coding/core/result/negative/star0072.csv,False,0.9999210834503174,2459730.250000001,0.16800994282053203,0.0011657596144080376,0.46994766847119634,0.0,67,0.4103793641778287,0.7905252987727838,"Rejected by U/V shape (z=0.79, q3=True, slope=False, lower_rect=False, trend_ok=False).",/Users/seo_hyun/coding/core/result/negative/_dip_outputs/star0072.png,JD,star0072,refined
/Users/seo_hyun/coding/core/result/negative/star0073.csv,False,0.9999920725822449,2459730.085231705,0.14935832189002632,0.0006831809201910597,0.3091247778457877,0.0,25,0.38969673352321144,16.92332503162881,"Rejected by U/V shape (z=16.92, q3=True, slope=True, lower_rect=False, trend_ok=False).",/Users/seo_hyun/coding/core/result/negative/_dip_outputs/star0073.png,JD,star0073,refined
/Users/seo_hyun/coding/core/result/negative/star0074.csv,True,1.0,2459730.201120634,0.029307942709551126,0.003138297109020121,1.2523854234532694,0.2710784009434795,14,0.31482035791719987,5.590757567874601,,/Users/seo_hyun/coding/core/result/negative/_dip_outputs/star0074.png,JD,star0074,coarse
/Users/seo_hyun/coding/core/result/negative/star0075.csv,False,0.9998156428337097,2459730.085231705,0.17778038729276893,0.0015564778657702388,0.720055992209465,0.0,31,0.48148948560697447,10.001873475563936,"Rejected by U/V shape (z=10.00, q3=True, slope=True, lower_rect=False, trend_ok=False).",/Users/seo_hyun/coding/core/result/negative/_dip_outputs/star0075.png,JD,star0075,refined
/Users/seo_hyun/coding/core/result/negative/star0076.csv,False,0.9999278783798218,2459730.085231705,0.177656295679489,0.0013845583273773938,0.7212528152867966,0.0,31,0.41743313822390543,7.283233326476341,"Rejected by U/V shape (z=7.28, q3=True, slope=True, lower_rect=False, trend_ok=False).",/Users/seo_hyun/coding/core/result/negative/_dip_outputs/star0076.png,JD,star0076,refined
/Users/seo_hyun/coding/core/result/negative/star0077.csv,False,0.999868631362915,2459730.085231705,0.17795971582110226,0.001584371864675635,0.719880126321429,0.0,31,0.4080134839095535,6.230358253946829,"Rejected by U/V shape (z=6.23, q3=True, slope=True, lower_rect=False, trend_ok=False).",/Users/seo_hyun/coding/core/result/negative/_dip_outputs/star0077.png,JD,star0077,refined
/Users/seo_hyun/coding/core/result/negative/star0078.csv,False,0.9999901652336121,2459730.085231705,0.17756335950973398,0.0016866232311341435,0.7190576998781071,0.0,31,0.3575730683212436,3.6851450304573525,"Rejected by U/V shape (z=3.69, q3=True, slope=True, lower_rect=False, trend_ok=False).",/Users/seo_hyun/coding/core/result/negative/_dip_outputs/star0078.png,JD,star0078,refined
/Users/seo_hyun/coding/core/result/negative/star0079.csv,False,0.999786913394928,2459730.085231705,0.1779401807004524,0.001580793204993234,0.7198799630321744,0.0,31,0.4023923308204732,13.096314252266794,"Rejected by U/V shape (z=13.10, q3=True, slope=True, lower_rect=False, trend_ok=False).",/Users/seo_hyun/coding/core/result/negative/_dip_outputs/star0079.png,JD,star0079,refined
/Users/seo_hyun/coding/core/result/negative/star0080.csv,False,1.0004609823226929,2459730.085231705,0.1773248742536703,0.0011892048210374111,0.7223533054183661,0.0020512829179375964,31,0.29312978878319285,3.143791892291895,"Rejected by U/V shape (z=3.14, q3=True, slope=True, lower_rect=False, trend_ok=False).",/Users/seo_hyun/coding/core/result/negative/_dip_outputs/star0080.png,JD,star0080,refined
/Users/seo_hyun/coding/core/result/negative/star0081.csv,False,1.000351905822754,2459730.085231705,0.17802086364325748,0.0017015986453836247,0.7189318028419165,0.0,32,0.3890598664929602,7.817538393534861,"Rejected by U/V shape (z=7.82, q3=True, slope=True, lower_rect=False, trend_ok=False).",/Users/seo_hyun/coding/core/result/negative/_dip_outputs/star0081.png,JD,star0081,refined
/Users/seo_hyun/coding/core/result/negative/star0082.csv,False,0.9998292326927185,2459730.085231705,0.1773606658219964,0.001831953183630914,0.7178637597384754,0.0,31,0.3592547463286517,2.614741803103295,"Rejected by U/V shape (z=2.61, q3=True, slope=True, lower_rect=False, trend_ok=False).",/Users/seo_hyun/coding/core/result/negative/_dip_outputs/star0082.png,JD,star0082,refined
/Users/seo_hyun/coding/core/result/negative/star0083.csv,False,0.9999722242355347,2459730.085231705,0.17766903967611947,0.0015711854894124833,0.7198800803897716,0.0,31,0.4061412447908359,4.864279813526531,"Rejected by U/V shape (z=4.86, q3=True, slope=True, lower_rect=False, trend_ok=False).",/Users/seo_hyun/coding/core/result/negative/_dip_outputs/star0083.png,JD,star0083,refined
/Users/seo_hyun/coding/core/result/negative/star0084.csv,False,0.9995625019073486,2459730.085231705,0.17801685057713199,0.002063115012888423,0.7157399897047176,0.0,32,0.34096688825570054,8.150595180701174,"Rejected by U/V shape (z=8.15, q3=True, slope=True, lower_rect=False, trend_ok=False).",/Users/seo_hyun/coding/core/result/negative/_dip_outputs/star0084.png,JD,star0084,refined
/Users/seo_hyun/coding/core/result/negative/star0085.csv,False,0.9997456669807434,2459730.085231705,0.1778901017371988,0.0017247811968609489,0.7187837432017516,0.0004020298307470021,31,0.4491467507927378,5.2070711459938055,"Rejected by U/V shape (z=5.21, q3=True, slope=True, lower_rect=False, trend_ok=False).",/Users/seo_hyun/coding/core/result/negative/_dip_outputs/star0085.png,JD,star0085,refined
/Users/seo_hyun/coding/core/result/negative/star0086.csv,False,0.9998353123664856,2459730.085231705,0.17802624231683967,0.0017832646119811935,0.7182361451720574,0.0,32,0.39244850791887415,13.614381793577564,"Rejected by U/V shape (z=13.61, q3=True, slope=True, lower_rect=False, trend_ok=False).",/Users/seo_hyun/coding/core/result/negative/_dip_outputs/star0086.png,JD,star0086,refined
/Users/seo_hyun/coding/core/result/negative/star0087.csv,False,0.9994063973426819,2459730.085231705,0.17801630808202307,0.002614652896091452,0.7096694204810704,0.0,32,0.3917508050799039,7.154637385288192,"Rejected by U/V shape (z=7.15, q3=True, slope=True, lower_rect=False, trend_ok=False).",/Users/seo_hyun/coding/core/result/negative/_dip_outputs/star0087.png,JD,star0087,refined
/Users/seo_hyun/coding/core/result/negative/star0088.csv,False,0.9996609687805176,2459730.085231705,0.17800552565650152,0.00204465342258636,0.7159188691408758,0.0,31,0.37981711242976046,8.914143736673676,"Rejected by U/V shape (z=8.91, q3=True, slope=True, lower_rect=False, trend_ok=False).",/Users/seo_hyun/coding/core/result/negative/_dip_outputs/star0088.png,JD,star0088,refined
/Users/seo_hyun/coding/core/result/negative/star0089.csv,False,0.9999387860298157,2459730.085231705,0.17795095887084592,0.0018625287840834807,0.7176019764907191,0.0,31,0.41018186357188624,6.782519687630167,"Rejected by U/V shape (z=6.78, q3=True, slope=True, lower_rect=False, trend_ok=False).",/Users/seo_hyun/coding/core/result/negative/_dip_outputs/star0089.png,JD,star0089,refined
/Users/seo_hyun/coding/core/result/negative/star0090.csv,False,0.9998998045921326,2459730.085231705,0.177715742306995,0.0017255225572857253,0.718783767354264,0.0,31,0.37715642239966923,4.223992606225916,"Rejected by U/V shape (z=4.22, q3=True, slope=True, lower_rect=False, trend_ok=False).",/Users/seo_hyun/coding/core/result/negative/_dip_outputs/star0090.png,JD,star0090,refined
/Users/seo_hyun/coding/core/result/negative/star0091.csv,True,0.9999160249658076,2459730.1700284225,0.03535561342739501,0.001528200165774186,0.6674741536803285,0.09437560170276076,17,0.42174352776491386,3.0072790859592584,,/Users/seo_hyun/coding/core/result/negative/_dip_outputs/star0091.png,JD,star0091,coarse
/Users/seo_hyun/coding/core/result/negative/star0092.csv,False,0.9999412894248962,2459730.085231705,0.17768937783264288,0.0018208871563326445,0.7179626346548673,0.0,31,0.46349731834932695,5.581015717004032,"Rejected by U/V shape (z=5.58, q3=True, slope=True, lower_rect=False, trend_ok=False).",/Users/seo_hyun/coding/core/result/negative/_dip_outputs/star0092.png,JD,star0092,refined
/Users/seo_hyun/coding/core/result/negative/star0093.csv,False,0.9995676279067993,2459730.085231705,0.17801589061673384,0.0020097024174491112,0.7162575715561982,0.0,32,0.4225670626844413,10.194346274570977,"Rejected by U/V shape (z=10.19, q3=True, slope=True, lower_rect=False, trend_ok=False).",/Users/seo_hyun/coding/core/result/negative/_dip_outputs/star0093.png,JD,star0093,refined
/Users/seo_hyun/coding/core/result/negative/star0094.csv,True,0.9999705835383552,2459730.201120634,0.029307942709551126,0.0020615943527082514,0.8448769449368668,0.11837028623828418,14,0.4620149223741009,4.749036801456539,,/Users/seo_hyun/coding/core/result/negative/_dip_outputs/star0094.png,JD,star0094,coarse
/Users/seo_hyun/coding/core/result/negative/star0095.csv,False,0.9997868537902832,2459730.085231705,0.17785823245495397,0.002099486922463999,0.7153846561331937,0.0,31,0.3807502301380799,6.603671900439972,"Rejected by U/V shape (z=6.60, q3=True, slope=True, lower_rect=False, trend_ok=False).",/Users/seo_hyun/coding/core/result/negative/_dip_outputs/star0095.png,JD,star0095,refined
/Users/seo_hyun/coding/core/result/negative/star0096.csv,True,1.0,2459730.229386281,0.08978464988798995,0.0013020386918598525,0.46493960903443204,0.17372227598960502,42,0.4964664891348777,2.101132443656782,,/Users/seo_hyun/coding/core/result/negative/_dip_outputs/star0096.png,JD,star0096,coarse
/Users/seo_hyun/coding/core/result/negative/star0097.csv,False,1.0001450777053833,2459730.085231705,0.17791122404372758,0.001976972143538904,0.7165738980380626,0.0,31,0.3662995808935169,8.676447041129002,"Rejected by U/V shape (z=8.68, q3=True, slope=True, lower_rect=False, trend_ok=False).",/Users/seo_hyun/coding/core/result/negative/_dip_outputs/star0097.png,JD,star0097,refined
/Users/seo_hyun/coding/core/result/negative/star0098.csv,False,0.99976646900177,2459730.085231705,0.17805903451677707,0.0023252294781200104,0.7130342805944928,0.0,32,0.34580935576443406,8.693770191818967,"Rejected by U/V shape (z=8.69, q3=True, slope=True, lower_rect=False, trend_ok=False).",/Users/seo_hyun/coding/core/result/negative/_dip_outputs/star0098.png,JD,star0098,refined
/Users/seo_hyun/coding/core/result/negative/star0099.csv,False,0.9998316168785095,2459730.085231705,0.17744550076368462,0.0018169011290628963,0.7179627461697082,0.0,31,0.38716021115591487,4.044745238909239,"Rejected by U/V shape (z=4.04, q3=True, slope=True, lower_rect=False, trend_ok=False).",/Users/seo_hyun/coding/core/result/negative/_dip_outputs/star0099.png,JD,star0099,refined
/Users/seo_hyun/coding/core/result/negative/star0100.csv,False,0.9999364018440247,2459730.085231705,0.17802594215663384,0.002186416968744081,0.7145197639262753,0.0,32,0.3591863035721313,12.741192392038716,"Rejected by U/V shape (z=12.74, q3=True, slope=True, lower_rect=False, trend_ok=False).",/Users/seo_hyun/coding/core/result/negative/_dip_outputs/star0100.png,JD,star0100,refined
/Users/seo_hyun/coding/core/result/negative/star0101.csv,False,1.0000578165054321,2459730.085231705,0.17755135447129847,0.002146516320102609,0.7149030945458502,0.0,31,0.4554612329953,2.38637206149631,"Rejected by U/V shape (z=2.39, q3=True, slope=True, lower_rect=False, trend_ok=False).",/Users/seo_hyun/coding/core/result/negative/_dip_outputs/star0101.png,JD,star0101,refined
/Users/seo_hyun/coding/core/result/negative/star0102.csv,False,0.9994774460792542,2459730.085231705,0.1772330279844874,0.001932816665570183,0.7169458589745269,0.0,31,0.3382154964799011,5.631116117825539,"Rejected by U/V shape (z=5.63, q3=True, slope=True, lower_rect=False, trend_ok=False).",/Users/seo_hyun/coding/core/result/negative/_dip_outputs/star0102.png,JD,star0102,refined
/Users/seo_hyun/coding/core/result/negative/star0103.csv,False,0.999682605266571,2459730.085231705,0.17772468537168787,0.0016639507508185037,0.719259542182478,0.0,31,0.4374271726245499,6.248953485316372,"Rejected by U/V shape (z=6.25, q3=True, slope=True, lower_rect=False, trend_ok=False).",/Users/seo_hyun/coding/core/result/negative/_dip_outputs/star0103.png,JD,star0103,refined
/Users/seo_hyun/coding/core/result/negative/star0104.csv,False,1.0001016855239868,2459730.085231705,0.17787250606119162,0.0017327175835700353,0.7187062918689646,0.0,31,0.4187646798430497,5.537831968579231,"Rejected by U/V shape (z=5.54, q3=True, slope=True, lower_rect=False, trend_ok=False).",/Users/seo_hyun/coding/core/result/negative/_dip_outputs/star0104.png,JD,star0104,refined
/Users/seo_hyun/coding/core/result/negative/star0105.csv,False,0.9998067617416382,2459730.085231705,0.178052310009731,0.0018057272113690404,0.7180517283458591,0.0,32,0.34948629031691114,12.087896404928143,"Rejected by U/V shape (z=12.09, q3=True, slope=True, lower_rect=False, trend_ok=False).",/Users/seo_hyun/coding/core/result/negative/_dip_outputs/star0105.png,JD,star0105,refined
/Users/seo_hyun/coding/core/result/negative/star0106.csv,False,0.9993603825569153,2459730.085231705,0.17810547947734115,0.0024222356755108075,0.7119550032225167,0.0,32,0.3696075673154535,10.895264008265528,"Rejected by U/V shape (z=10.90, q3=True, slope=True, lower_rect=False, trend_ok=False).",/Users/seo_hyun/coding/core/result/negative/_dip_outputs/star0106.png,JD,star0106,refined
/Users/seo_hyun/coding/core/result/negative/star0107.csv,False,0.9995856285095215,2459730.085231705,0.17801043513690862,0.002091308359149167,0.7154603040076086,0.0,32,0.3413412220694062,8.49516988710716,"Rejected by U/V shape (z=8.50, q3=True, slope=True, lower_rect=False, trend_ok=False).",/Users/seo_hyun/coding/core/result/negative/_dip_outputs/star0107.png,JD,star0107,refined
/Users/seo_hyun/coding/core/result/negative/star0108.csv,False,0.9997991919517517,2459730.085231705,0.178050978998742,0.002433604575706717,0.7118307224433186,0.0,32,0.2888500295309969,11.686794903242326,"Rejected by U/V shape (z=11.69, q3=True, slope=True, lower_rect=False, trend_ok=False).",/Users/seo_hyun/coding/core/result/negative/_dip_outputs/star0108.png,JD,star0108,refined
/Users/seo_hyun/coding/core/result/negative/star0109.csv,False,0.9996685981750488,2459730.085231705,0.17682633512226809,0.002012714542400308,0.7162263309435396,0.0,31,0.4286321955587505,5.612495974831772,"Rejected by U/V shape (z=5.61, q3=True, slope=True, lower_rect=False, trend_ok=False).",/Users/seo_hyun/coding/core/result/negative/_dip_outputs/star0109.png,JD,star0109,refined
/Users/seo_hyun/coding/core/result/negative/star0110.csv,True,0.9998996931650832,2459730.186987811,0.03535561342739501,0.003949621857135566,0.8364070865535005,0.14741375028358156,17,0.3686405992900177,1.9685621958209611,,/Users/seo_hyun/coding/core/result/negative/_dip_outputs/star0110.png,JD,star0110,coarse
/Users/seo_hyun/coding/core/result/negative/star0111.csv,False,0.9998767375946045,2459730.085231705,0.17788938053267556,0.0017665634020701654,0.718422347127326,0.0,31,0.35943519848885935,8.263085850928931,"Rejected by U/V shape (z=8.26, q3=True, slope=True, lower_rect=False, trend_ok=False).",/Users/seo_hyun/coding/core/result/negative/_dip_outputs/star0111.png,JD,star0111,refined
/Users/seo_hyun/coding/core/result/negative/star0112.csv,False,0.9996786117553711,2459730.085231705,0.17696465854849214,0.001901284839172228,0.7172288600795147,0.0,31,0.4171240779239963,4.557312250659324,"Rejected by U/V shape (z=4.56, q3=True, slope=True, lower_rect=False, trend_ok=False).",/Users/seo_hyun/coding/core/result/negative/_dip_outputs/star0112.png,JD,star0112,refined
/Users/seo_hyun/coding/core/result/negative/star0113.csv,False,1.000037431716919,2459730.085231705,0.17787295154746274,0.0022484478196996486,0.7138603464837168,0.0,31,0.38819434356092053,7.312168420400296,"Rejected by U/V shape (z=7.31, q3=True, slope=True, lower_rect=False, trend_ok=False).",/Users/seo_hyun/coding/core/result/negative/_dip_outputs/star0113.png,JD,star0113,refined
/Users/seo_hyun/coding/core/result/negative/star0114.csv,False,0.999454915523529,2459730.085231705,0.1779133517996001,0.002098879971759178,0.7153906120353999,0.0,31,0.363941731550865,6.9033998820709535,"Rejected by U/V shape (z=6.90, q3=True, slope=True, lower_rect=False, trend_ok=False).",/Users/seo_hyun/coding/core/result/negative/_dip_outputs/star0114.png,JD,star0114,refined
/Users/seo_hyun/coding/core/result/negative/star0115.csv,False,0.9996699690818787,2459730.085231705,0.17807415373830074,0.0020657672067526016,0.7157146568819532,0.0,32,0.36974759102818855,7.095750431349213,"Rejected by U/V shape (z=7.10, q3=True, slope=True, lower_rect=False, trend_ok=False).",/Users/seo_hyun/coding/core/result/negative/_dip_outputs/star0115.png,JD,star0115,refined
/Users/seo_hyun/coding/core/result/negative/star0116.csv,True,0.9999639428878666,2459730.186987811,0.029307942709551126,0.003932130812241741,0.9253935338625237,0.10573149457216141,13,0.3896202218648051,2.3226433439341214,,/Users/seo_hyun/coding/core/result/negative/_dip_outputs/star0116.png,JD,star0116,coarse
/Users/seo_hyun/coding/core/result/negative/star0117.csv,False,0.9999082684516907,2459730.250000001,0.16673757402602615,0.001253377853619038,0.46958966643434014,0.0,67,0.3242906250102869,0.9652530443140572,"Rejected by U/V shape (z=0.97, q3=True, slope=False, lower_rect=False, trend_ok=False).",/Users/seo_hyun/coding/core/result/negative/_dip_outputs/star0117.png,JD,star0117,refined
/Users/seo_hyun/coding/core/result/negative/star0118.csv,False,0.9994248747825623,2459730.085231705,0.1780009159602649,0.0030868909648049552,0.7032882839976531,0.0,31,0.39350734047633196,5.305558454140827,"Rejected by U/V shape (z=5.31, q3=True, slope=True, lower_rect=False, trend_ok=False).",/Users/seo_hyun/coding/core/result/negative/_dip_outputs/star0118.png,JD,star0118,refined
/Users/seo_hyun/coding/core/result/negative/star0119.csv,False,1.0001649856567383,2459730.085231705,0.17805632906879257,0.0030380135467397732,0.7040008147695901,0.0,32,0.4220935543639974,10.293608078735778,"Rejected by U/V shape (z=10.29, q3=True, slope=True, lower_rect=False, trend_ok=False).",/Users/seo_hyun/coding/core/result/negative/_dip_outputs/star0119.png,JD,star0119,refined
/Users/seo_hyun/coding/core/result/negative/star0120.csv,False,0.9999414086341858,2459730.085231705,0.17790796488894575,0.0027910197025116366,0.707422936283706,0.0,31,0.4224322323954413,4.181882291603161,"Rejected by U/V shape (z=4.18, q3=True, slope=True, lower_rect=False, trend_ok=False).",/Users/seo_hyun/coding/core/result/negative/_dip_outputs/star0120.png,JD,star0120,refined
/Users/seo_hyun/coding/core/result/negative/star0121.csv,False,1.0001822710037231,2459730.085231705,0.17785326640467458,0.0022604948072122723,0.7137377834487317,0.0,31,0.33940821907237684,7.239856258842959,"Rejected by U/V shape (z=7.24, q3=True, slope=True, lower_rect=False, trend_ok=False).",/Users/seo_hyun/coding/core/result/negative/_dip_outputs/star0121.png,JD,star0121,refined
/Users/seo_hyun/coding/core/result/negative/star0122.csv,False,0.9998792409896851,2459730.085231705,0.17659579246219403,0.0022619843325757546,0.7137267858624452,0.0,31,0.5433567645111013,1.8641050688065872,"Rejected by U/V shape (z=1.86, q3=True, slope=True, lower_rect=False, trend_ok=False).",/Users/seo_hyun/coding/core/result/negative/_dip_outputs/star0122.png,JD,star0122,refined
/Users/seo_hyun/coding/core/result/negative/star0123.csv,False,0.999675989151001,2459730.085231705,0.17778630445766422,0.0017364744095992003,0.7186441188264737,0.0,31,0.30844795507337475,9.848022453684015,"Rejected by U/V shape (z=9.85, q3=True, slope=True, lower_rect=False, trend_ok=False).",/Users/seo_hyun/coding/core/result/negative/_dip_outputs/star0123.png,JD,star0123,refined
/Users/seo_hyun/coding/core/result/negative/star0124.csv,False,0.9997955560684204,2459730.085231705,0.1780772792127049,0.002839964005590531,0.7067552515485966,0.0,32,0.44118978307285855,4.538112184477648,"Rejected by U/V shape (z=4.54, q3=True, slope=True, lower_rect=False, trend_ok=False).",/Users/seo_hyun/coding/core/result/negative/_dip_outputs/star0124.png,JD,star0124,refined
/Users/seo_hyun/coding/core/result/negative/star0125.csv,True,1.0,2459730.1898143752,0.029307942709551126,0.0032669920984179732,0.9245285912437622,0.11567641364737266,14,0.5047449024011239,2.263485952048414,,/Users/seo_hyun/coding/core/result/negative/_dip_outputs/star0125.png,JD,star0125,coarse
/Users/seo_hyun/coding/core/result/negative/star0126.csv,False,1.0000226497650146,2459730.085231705,0.17550567730825375,0.0018469608753150057,0.7176891155048798,0.0031736761026991407,31,0.40027357311689443,1.6159153538468722,"Rejected by U/V shape (z=1.62, q3=True, slope=True, lower_rect=False, trend_ok=False).",/Users/seo_hyun/coding/core/result/negative/_dip_outputs/star0126.png,JD,star0126,refined
/Users/seo_hyun/coding/core/result/negative/star0127.csv,False,1.000154733657837,2459730.250000001,0.16556418031130743,0.0017259788740725077,0.467447408139696,0.0,67,0.3838337569099597,0.9597802455476261,"Rejected by U/V shape (z=0.96, q3=True, slope=False, lower_rect=False, trend_ok=False).",/Users/seo_hyun/coding/core/result/negative/_dip_outputs/star0127.png,JD,star0127,refined
/Users/seo_hyun/coding/core/result/negative/star0128.csv,False,0.9992431402206421,2459730.085231705,0.1781052535261161,0.0022889793250712785,0.7134440297813288,0.0,32,0.3760519699872916,8.279027823545803,"Rejected by U/V shape (z=8.28, q3=True, slope=True, lower_rect=False, trend_ok=False).",/Users/seo_hyun/coding/core/result/negative/_dip_outputs/star0128.png,JD,star0128,refined
/Users/seo_hyun/coding/core/result/negative/star0130.csv,False,1.0005453824996948,2459730.085231705,0.17499781633993636,0.001732130746170788,0.7187161089598955,0.018929885960428123,31,0.36684187723795864,4.625238807271328,"Rejected by U/V shape (z=4.63, q3=True, slope=True, lower_rect=False, trend_ok=False).",/Users/seo_hyun/coding/core/result/negative/_dip_outputs/star0130.png,JD,star0130,refined
/Users/seo_hyun/coding/core/result/negative/star0131.csv,True,0.999970232749134,2459730.223733152,0.053498625580926655,0.0024487818165702755,0.739339258003085,0.21590066955933285,25,0.42286926246646994,2.065603794147192,,/Users/seo_hyun/coding/core/result/negative/_dip_outputs/star0131.png,JD,star0131,coarse
/Users/seo_hyun/coding/core/result/negative/star0132.csv,True,1.000661587158957,2459730.1898143752,0.029307942709551126,0.028604963199878916,0.9136273658635787,0.23873388365986023,14,0.4570085857024386,3.5825520873561794,,/Users/seo_hyun/coding/core/result/negative/_dip_outputs/star0132.png,JD,star0132,coarse
/Users/seo_hyun/coding/core/result/negative/star0133.csv,False,0.9999966621398926,2459730.250000001,0.1690361649280442,0.0014249703093495956,0.4688742756647098,0.0,68,0.47509751194440814,0.4192880296577949,"Rejected by U/V shape (z=0.42, q3=True, slope=False, lower_rect=False, trend_ok=False).",/Users/seo_hyun/coding/core/result/negative/_dip_outputs/star0133.png,JD,star0133,refined
/Users/seo_hyun/coding/core/result/negative/star0134.csv,False,0.9994027018547058,2459730.085231705,0.17800177301875722,0.0027330311851061356,0.7081696421159854,0.0,31,0.45257083742250936,5.402226812466212,"Rejected by U/V shape (z=5.40, q3=True, slope=True, lower_rect=False, trend_ok=False).",/Users/seo_hyun/coding/core/result/negative/_dip_outputs/star0134.png,JD,star0134,refined
/Users/seo_hyun/coding/core/result/negative/star0135.csv,False,0.9998968839645386,2459730.085231705,0.17809537915976634,0.002360827124241494,0.7126490125612059,0.0,32,0.3751746738845404,10.008887529048618,"Rejected by U/V shape (z=10.01, q3=True, slope=True, lower_rect=False, trend_ok=False).",/Users/seo_hyun/coding/core/result/negative/_dip_outputs/star0135.png,JD,star0135,refined
/Users/seo_hyun/coding/core/result/negative/star0136.csv,False,0.9998600482940674,2459730.085231705,0.17753473777579365,0.0023016027617144223,0.7132859165301857,0.0,31,0.47081949971902126,3.1002624955524283,"Rejected by U/V shape (z=3.10, q3=True, slope=True, lower_rect=False, trend_ok=False).",/Users/seo_hyun/coding/core/result/negative/_dip_outputs/star0136.png,JD,star0136,refined
/Users/seo_hyun/coding/core/result/negative/star0137.csv,False,0.9996129870414734,2459730.085231705,0.17785381990268895,0.0020635464877427558,0.7157355349173274,0.0,31,0.42342813612082725,2.1994724059203032,"Rejected by U/V shape (z=2.20, q3=True, slope=True, lower_rect=False, trend_ok=False).",/Users/seo_hyun/coding/core/result/negative/_dip_outputs/star0137.png,JD,star0137,refined
/Users/seo_hyun/coding/core/result/negative/star0138.csv,False,1.0003690719604492,2459730.085231705,0.17221283301468981,0.0025583093268344652,0.7103572324316628,0.0,30,0.5797354162647734,1.02227058173767,"Rejected by U/V shape (z=1.02, q3=True, slope=True, lower_rect=False, trend_ok=False).",/Users/seo_hyun/coding/core/result/negative/_dip_outputs/star0138.png,JD,star0138,refined
/Users/seo_hyun/coding/core/result/negative/star0139.csv,False,0.999854564666748,2459730.085231705,0.17809716641351975,0.0024308939725681132,0.7118515835762924,0.0,32,0.37058412385496464,9.232333377984371,"Rejected by U/V shape (z=9.23, q3=True, slope=True, lower_rect=False, trend_ok=False).",/Users/seo_hyun/coding/core/result/negative/_dip_outputs/star0139.png,JD,star0139,refined
/Users/seo_hyun/coding/core/result/negative/star0140.csv,False,0.9999154806137085,2459730.250000001,0.16521842062879905,0.0013964243500930442,0.46901491631297904,0.0,67,0.32397737787330255,1.158686954623947,"Rejected by U/V shape (z=1.16, q3=True, slope=False, lower_rect=False, trend_ok=False).",/Users/seo_hyun/coding/core/result/negative/_dip_outputs/star0140.png,JD,star0140,refined
/Users/seo_hyun/coding/core/result/negative/star0141.csv,False,0.9993242621421814,2459730.085231705,0.17809688079555858,0.0025383229001284596,0.710602224994789,0.0,32,0.4036554123671032,7.788931523407466,"Rejected by U/V shape (z=7.79, q3=True, slope=True, lower_rect=False, trend_ok=False).",/Users/seo_hyun/coding/core/result/negative/_dip_outputs/star0141.png,JD,star0141,refined
/Users/seo_hyun/coding/core/result/negative/star0142.csv,True,0.999955706198744,2459730.2265597163,0.04140328414523889,0.002367640366922061,0.7793746875228345,0.10907556283459574,20,0.40165491614548127,3.834485006062529,,/Users/seo_hyun/coding/core/result/negative/_dip_outputs/star0142.png,JD,star0142,coarse
/Users/seo_hyun/coding/core/result/negative/star0143.csv,False,1.000030279159546,2459730.250000001,0.1661745509292354,0.0017213136927155357,0.4674472700195457,0.0,67,0.20376280432050986,1.0546157383723678,"Rejected by U/V shape (z=1.05, q3=True, slope=False, lower_rect=False, trend_ok=False).",/Users/seo_hyun/coding/core/result/negative/_dip_outputs/star0143.png,JD,star0143,refined
/Users/seo_hyun/coding/core/result/negative/star0144.csv,False,1.0000829696655273,2459730.085231705,0.17698155043390243,0.002729901731316192,0.7082183686313988,0.0,31,0.3946591691039468,2.4852094062279027,"Rejected by U/V shape (z=2.49, q3=True, slope=True, lower_rect=False, trend_ok=False).",/Users/seo_hyun/coding/core/result/negative/_dip_outputs/star0144.png,JD,star0144,refined
/Users/seo_hyun/coding/core/result/negative/star0145.csv,False,1.0008198022842407,2459730.250000001,0.17112409975473156,0.001176610850629286,0.4697685282356631,0.0,68,0.3613173643825092,1.208144772477322,"Rejected by U/V shape (z=1.21, q3=True, slope=False, lower_rect=False, trend_ok=False).",/Users/seo_hyun/coding/core/result/negative/_dip_outputs/star0145.png,JD,star0145,refined
/Users/seo_hyun/coding/core/result/negative/star0146.csv,False,1.0003048181533813,2459730.250000001,0.17208982157645775,0.0012947029136968172,0.46941074102433017,0.0,68,0.44288192049594144,0.20066718776177445,"Rejected by U/V shape (z=0.20, q3=True, slope=False, lower_rect=False, trend_ok=False).",/Users/seo_hyun/coding/core/result/negative/_dip_outputs/star0146.png,JD,star0146,refined
/Users/seo_hyun/coding/core/result/negative/star0147.csv,False,0.9992517232894897,2459730.085231705,0.17782061204839889,0.0025638831861765996,0.71030131768076,0.0,31,0.387200889518684,5.109056681612073,"Rejected by U/V shape (z=5.11, q3=True, slope=True, lower_rect=False, trend_ok=False).",/Users/seo_hyun/coding/core/result/negative/_dip_outputs/star0147.png,JD,star0147,refined
/Users/seo_hyun/coding/core/result/negative/star0148.csv,False,1.0000756978988647,2459730.250000001,0.1714335866552033,0.0026670120245130546,0.46109262054348393,0.0,68,0.36650633519213416,0.5385078747371216,"Rejected by U/V shape (z=0.54, q3=True, slope=False, lower_rect=False, trend_ok=False).",/Users/seo_hyun/coding/core/result/negative/_dip_outputs/star0148.png,JD,star0148,refined
/Users/seo_hyun/coding/core/result/negative/star0149.csv,False,1.0002086162567139,2459730.250000001,0.1699964194323772,0.0018392612273678537,0.4667825838905282,0.0,68,0.34858231482296664,1.503041582904712,"Rejected by U/V shape (z=1.50, q3=True, slope=False, lower_rect=False, trend_ok=False).",/Users/seo_hyun/coding/core/result/negative/_dip_outputs/star0149.png,JD,star0149,refined
/Users/seo_hyun/coding/core/result/negative/star0150.csv,False,1.0002628564834595,2459730.085231705,0.17350923466381668,0.0027657045102403304,0.7077529816910018,0.0,30,0.49031946944164173,1.3966584328718592,"Rejected by U/V shape (z=1.40, q3=True, slope=True, lower_rect=False, trend_ok=False).",/Users/seo_hyun/coding/core/result/negative/_dip_outputs/star0150.png,JD,star0150,refined
/Users/seo_hyun/coding/core/result/negative/star0151.csv,False,1.0001423358917236,2459730.085231705,0.17713675132002665,0.002876883511597406,0.7062620879132537,0.0,31,0.4330587552841887,2.849180623786199,"Rejected by U/V shape (z=2.85, q3=True, slope=True, lower_rect=False, trend_ok=False).",/Users/seo_hyun/coding/core/result/negative/_dip_outputs/star0151.png,JD,star0151,refined
/Users/seo_hyun/coding/core/result/negative/star0152.csv,False,1.0006318092346191,2459730.250000001,0.16990260135286964,0.002339281184115229,0.46362115717075586,0.0,68,0.380235681152421,0.6965292352073612,"Rejected by U/V shape (z=0.70, q3=True, slope=False, lower_rect=False, trend_ok=False).",/Users/seo_hyun/coding/core/result/negative/_dip_outputs/star0152.png,JD,star0152,refined
/Users/seo_hyun/coding/core/result/negative/star0153.csv,False,1.0000431537628174,2459730.085231705,0.17726626531189435,0.002742826327695475,0.708048826204344,0.0,31,0.5512502610868639,1.0813343504763908,"Rejected by U/V shape (z=1.08, q3=True, slope=True, lower_rect=False, trend_ok=False).",/Users/seo_hyun/coding/core/result/negative/_dip_outputs/star0153.png,JD,star0153,refined
/Users/seo_hyun/coding/core/result/negative/star0154.csv,False,1.0000413656234741,2459730.250000001,0.1721736245154121,0.00224604163569697,0.4642691814073197,0.0,68,0.3066406823226551,1.0017266213691138,"Rejected by U/V shape (z=1.00, q3=True, slope=False, lower_rect=False, trend_ok=False).",/Users/seo_hyun/coding/core/result/negative/_dip_outputs/star0154.png,JD,star0154,refined
/Users/seo_hyun/coding/core/result/negative/star0155.csv,False,0.999936044216156,2459730.085231705,0.17795437013922025,0.0026998830843916696,0.7086010005849374,0.0,31,0.4465835816278072,2.7296900002460514,"Rejected by U/V shape (z=2.73, q3=True, slope=True, lower_rect=False, trend_ok=False).",/Users/seo_hyun/coding/core/result/negative/_dip_outputs/star0155.png,JD,star0155,refined
/Users/seo_hyun/coding/core/result/negative/star0156.csv,False,1.0002821683883667,2459730.250000001,0.17200118772377482,0.0017052141262710332,0.467502061513691,0.0,68,0.36166152126616075,1.0117934595055287,"Rejected by U/V shape (z=1.01, q3=True, slope=False, lower_rect=False, trend_ok=False).",/Users/seo_hyun/coding/core/result/negative/_dip_outputs/star0156.png,JD,star0156,refined
/Users/seo_hyun/coding/core/result/negative/star0157.csv,False,1.000285029411316,2459730.250000001,0.1704048609640203,0.0016060228778079385,0.46798196863271463,0.0,68,0.3522018942615842,1.0225832742088612,"Rejected by U/V shape (z=1.02, q3=True, slope=False, lower_rect=False, trend_ok=False).",/Users/seo_hyun/coding/core/result/negative/_dip_outputs/star0157.png,JD,star0157,refined
/Users/seo_hyun/coding/core/result/negative/star0158.csv,False,1.0003304481506348,2459730.250000001,0.16667780766402854,0.002645561365743777,0.4612681907080587,0.0,67,0.5314579839661014,1.084398014845531,"Rejected by U/V shape (z=1.08, q3=True, slope=False, lower_rect=False, trend_ok=False).",/Users/seo_hyun/coding/core/result/negative/_dip_outputs/star0158.png,JD,star0158,refined
/Users/seo_hyun/coding/core/result/negative/star0160.csv,False,1.0010682344436646,2459730.250000001,0.1730092425873818,0.002337950150221761,0.463626837844162,0.0,69,0.44148222187429875,0.9206668651970443,"Rejected by U/V shape (z=0.92, q3=True, slope=False, lower_rect=False, trend_ok=False).",/Users/seo_hyun/coding/core/result/negative/_dip_outputs/star0160.png,JD,star0160,refined
/Users/seo_hyun/coding/core/result/negative/star0162.csv,False,1.0002940893173218,2459730.250000001,0.17301333348275458,0.006798333888967474,0.3972677104565703,0.0,69,0.30962357218410513,0.2741180729442129,"Rejected by U/V shape (z=0.27, q3=True, slope=False, lower_rect=False, trend_ok=False).",/Users/seo_hyun/coding/core/result/negative/_dip_outputs/star0162.png,JD,star0162,refined
/Users/seo_hyun/coding/core/result/negative/star0163.csv,False,1.0004812479019165,2459730.250000001,0.1715507952143963,0.007084999477016691,0.39028650820947336,0.0,68,0.2672047256571455,0.9125259936213302,"Rejected by U/V shape (z=0.91, q3=True, slope=False, lower_rect=False, trend_ok=False).",/Users/seo_hyun/coding/core/result/negative/_dip_outputs/star0163.png,JD,star0163,refined
/Users/seo_hyun/coding/core/result/negative/star0164.csv,False,1.0018728971481323,2459730.250000001,0.1731545495533298,0.00927601114018239,0.3221950453526822,0.0,69,0.21825555548433184,0.7828529486112455,"Rejected by U/V shape (z=0.78, q3=True, slope=False, lower_rect=False, trend_ok=False).",/Users/seo_hyun/coding/core/result/negative/_dip_outputs/star0164.png,JD,star0164,refined
/Users/seo_hyun/coding/core/result/negative/star0165.csv,False,0.9986146092414856,2459730.250000001,0.17351320475024384,0.007110698165975898,0.3896421379756243,0.0,69,0.24858449946208871,0.23535262432401646,"Rejected by U/V shape (z=0.24, q3=True, slope=False, lower_rect=False, trend_ok=False).",/Users/seo_hyun/coding/core/result/negative/_dip_outputs/star0165.png,JD,star0165,refined
/Users/seo_hyun/coding/core/result/negative/star0166.csv,False,0.9992992281913757,2459730.085231705,0.17745601206386483,0.009466723807031958,0.484083485389563,0.0,31,0.20772454681574437,2.3647041913627564,"Rejected by U/V shape (z=2.36, q3=True, slope=True, lower_rect=False, trend_ok=False).",/Users/seo_hyun/coding/core/result/negative/_dip_outputs/star0166.png,JD,star0166,refined
/Users/seo_hyun/coding/core/result/negative/star0167.csv,False,1.0009841918945312,2459730.250000001,0.17407472979618,0.0061572477430195775,0.4115175328649489,0.0,69,0.19874787922958703,0.418989375800513,"Rejected by U/V shape (z=0.42, q3=True, slope=False, lower_rect=False, trend_ok=False).",/Users/seo_hyun/coding/core/result/negative/_dip_outputs/star0167.png,JD,star0167,refined
/Users/seo_hyun/coding/core/result/negative/star0168.csv,False,0.999309241771698,2459730.250000001,0.17137058966805255,0.007600626114647724,0.3767128726971059,0.0,68,0.19804904666743028,0.9050089320113095,"Rejected by U/V shape (z=0.91, q3=True, slope=True, lower_rect=False, trend_ok=False).",/Users/seo_hyun/coding/core/result/negative/_dip_outputs/star0168.png,JD,star0168,refined
/Users/seo_hyun/coding/core/result/negative/star0169.csv,False,1.0004918575286865,2459730.085231705,0.1777067745707547,0.0076804250886070916,0.5758466917932776,0.0,31,0.29735418288468385,1.1294548418463197,"Rejected by U/V shape (z=1.13, q3=True, slope=True, lower_rect=False, trend_ok=False).",/Users/seo_hyun/coding/core/result/negative/_dip_outputs/star0169.png,JD,star0169,refined
/Users/seo_hyun/coding/core/result/negative/star0170.csv,False,0.99872225522995,2459730.085231705,0.17743469551415733,0.008153017974768365,0.5545095809704584,0.0,31,0.368126246057181,1.7089805471605646,"Rejected by U/V shape (z=1.71, q3=True, slope=True, lower_rect=False, trend_ok=False).",/Users/seo_hyun/coding/core/result/negative/_dip_outputs/star0170.png,JD,star0170,refined
/Users/seo_hyun/coding/core/result/negative/star0171.csv,False,0.9989598393440247,2459730.085231705,0.17810340811912181,0.007008310859093667,0.6030672130151423,0.0,32,0.3202587637069372,1.6230020878851579,"Rejected by U/V shape (z=1.62, q3=True, slope=True, lower_rect=False, trend_ok=False).",/Users/seo_hyun/coding/core/result/negative/_dip_outputs/star0171.png,JD,star0171,refined
/Users/seo_hyun/coding/core/result/negative/star0172.csv,False,0.9992255568504333,2459730.085231705,0.17539260263676,0.009207808829975102,0.49939436381581637,0.0,31,0.2856328585862592,1.768740172848423,"Rejected by U/V shape (z=1.77, q3=True, slope=True, lower_rect=False, trend_ok=False).",/Users/seo_hyun/coding/core/result/negative/_dip_outputs/star0172.png,JD,star0172,refined
/Users/seo_hyun/coding/core/result/negative/star0173.csv,False,0.9969285726547241,2459730.085231705,0.1780655138371155,0.010327197946062803,0.4273350314703059,0.0,32,0.3984090504420687,3.8355460627254887,"Rejected by U/V shape (z=3.84, q3=True, slope=True, lower_rect=False, trend_ok=False).",/Users/seo_hyun/coding/core/result/negative/_dip_outputs/star0173.png,JD,star0173,refined
/Users/seo_hyun/coding/core/result/negative/star0174.csv,False,1.0012974739074707,2459730.250000001,0.1693768256295199,0.006461747611338369,0.4049775564871601,0.0,68,0.19109852343758052,2.549632109763821,"Rejected by U/V shape (z=2.55, q3=True, slope=False, lower_rect=False, trend_ok=False).",/Users/seo_hyun/coding/core/result/negative/_dip_outputs/star0174.png,JD,star0174,refined
/Users/seo_hyun/coding/core/result/negative/star0175.csv,False,0.9978430271148682,2459730.250000001,0.1726239433016905,0.006993560507898688,0.3925562013139114,0.0,68,0.19967437566236518,1.6934471793422214,"Rejected by U/V shape (z=1.69, q3=True, slope=False, lower_rect=False, trend_ok=False).",/Users/seo_hyun/coding/core/result/negative/_dip_outputs/star0175.png,JD,star0175,refined
/Users/seo_hyun/coding/core/result/negative/star0176.csv,False,1.0010967254638672,2459730.250000001,0.1714673928753692,0.00637708986732263,0.40683543291463564,0.0,68,0.25734464127813894,0.595280847554189,"Rejected by U/V shape (z=0.60, q3=True, slope=False, lower_rect=False, trend_ok=False).",/Users/seo_hyun/coding/core/result/negative/_dip_outputs/star0176.png,JD,star0176,refined
/Users/seo_hyun/coding/core/result/negative/star0177.csv,False,1.0003246068954468,2459730.250000001,0.16736066900917987,0.008443128399106844,0.35146046799249253,0.0,67,0.23302708457036808,1.117065872503119,"Rejected by U/V shape (z=1.12, q3=True, slope=False, lower_rect=False, trend_ok=False).",/Users/seo_hyun/coding/core/result/negative/_dip_outputs/star0177.png,JD,star0177,refined
/Users/seo_hyun/coding/core/result/negative/star0178.csv,False,0.9978991150856018,2459730.250000001,0.17132207431767552,0.006492499212452211,0.4042922542043426,0.0,68,0.27366797030185996,0.9586159035672939,"Rejected by U/V shape (z=0.96, q3=True, slope=False, lower_rect=False, trend_ok=False).",/Users/seo_hyun/coding/core/result/negative/_dip_outputs/star0178.png,JD,star0178,refined
/Users/seo_hyun/coding/core/result/negative/star0179.csv,False,1.0036832094192505,2459730.085231705,0.17798521837606182,0.010214465213594485,0.43531379320556574,0.0,31,0.33240689270792756,1.281439525591677,"Rejected by U/V shape (z=1.28, q3=True, slope=True, lower_rect=False, trend_ok=False).",/Users/seo_hyun/coding/core/result/negative/_dip_outputs/star0179.png,JD,star0179,refined
/Users/seo_hyun/coding/core/result/negative/star0180.csv,False,0.9985400438308716,2459730.250000001,0.17398207391289,0.007202410595002552,0.38731449499461573,0.0,69,0.23617506535222338,0.4978640340389898,"Rejected by U/V shape (z=0.50, q3=True, slope=False, lower_rect=False, trend_ok=False).",/Users/seo_hyun/coding/core/result/negative/_dip_outputs/star0180.png,JD,star0180,refined
/Users/seo_hyun/coding/core/result/negative/star0181.csv,False,1.0022215843200684,2459730.250000001,0.17206697947934638,0.007420604342474573,0.38160495842441194,0.0,68,0.43790124536959313,1.4695325517464763,"Rejected by U/V shape (z=1.47, q3=True, slope=False, lower_rect=False, trend_ok=False).",/Users/seo_hyun/coding/core/result/negative/_dip_outputs/star0181.png,JD,star0181,refined
/Users/seo_hyun/coding/core/result/negative/star0182.csv,False,0.9989813566207886,2459730.250000001,0.17233806863938872,0.008519214720701888,0.3489732042975105,0.0,68,0.2655210979315528,1.6179334563235659,"Rejected by U/V shape (z=1.62, q3=True, slope=False, lower_rect=False, trend_ok=False).",/Users/seo_hyun/coding/core/result/negative/_dip_outputs/star0182.png,JD,star0182,refined
/Users/seo_hyun/coding/core/result/negative/star0183.csv,False,0.9994484782218933,2459730.085231705,0.1770281104586797,0.007678561040879132,0.5759257839445326,0.0,31,0.23321266989483347,0.44264254786897916,"Rejected by U/V shape (z=0.44, q3=True, slope=True, lower_rect=False, trend_ok=False).",/Users/seo_hyun/coding/core/result/negative/_dip_outputs/star0183.png,JD,star0183,refined
/Users/seo_hyun/coding/core/result/negative/star0184.csv,False,1.0030670166015625,2459730.085231705,0.1763550601484112,0.009531518313781366,0.4801298351055937,0.0,31,0.3662467955336417,0.9454223953391493,"Rejected by U/V shape (z=0.95, q3=True, slope=True, lower_rect=False, trend_ok=False).",/Users/seo_hyun/coding/core/result/negative/_dip_outputs/star0184.png,JD,star0184,refined
/Users/seo_hyun/coding/core/result/negative/star0185.csv,False,0.9990171790122986,2459730.250000001,0.1738641369636594,0.007540768623294082,0.37835882867414733,0.0,69,0.23842936625729216,0.3530711882341819,"Rejected by U/V shape (z=0.35, q3=True, slope=False, lower_rect=False, trend_ok=False).",/Users/seo_hyun/coding/core/result/negative/_dip_outputs/star0185.png,JD,star0185,refined
/Users/seo_hyun/coding/core/result/negative/star0186.csv,False,1.0003453493118286,2459730.085231705,0.16375458091018852,0.008474714247198423,0.5388539400971585,0.0,28,0.2644885498541489,1.991712688605851,"Rejected by U/V shape (z=1.99, q3=True, slope=True, lower_rect=False, trend_ok=False).",/Users/seo_hyun/coding/core/result/negative/_dip_outputs/star0186.png,JD,star0186,refined
/Users/seo_hyun/coding/core/result/negative/star0187.csv,False,1.0009690523147583,2459730.250000001,0.17274066803173943,0.005518031552330634,0.42397987367603124,0.0,68,0.25937514861680794,0.640966893447068,"Rejected by U/V shape (z=0.64, q3=True, slope=False, lower_rect=False, trend_ok=False).",/Users/seo_hyun/coding/core/result/negative/_dip_outputs/star0187.png,JD,star0187,refined
/Users/seo_hyun/coding/core/result/negative/star0188.csv,False,1.0003228187561035,2459730.250000001,0.17089782552547697,0.006169990324130947,0.4112522019442604,0.0,68,0.27129769254094527,0.9918699698488952,"Rejected by U/V shape (z=0.99, q3=True, slope=False, lower_rect=False, trend_ok=False).",/Users/seo_hyun/coding/core/result/negative/_dip_outputs/star0188.png,JD,star0188,refined
/Users/seo_hyun/coding/core/result/negative/star0189.csv,False,1.0008573532104492,2459730.085231705,0.17806448679771222,0.008558582192510008,0.5346084977921094,0.0,32,0.331001803835302,3.363494089759998,"Rejected by U/V shape (z=3.36, q3=True, slope=True, lower_rect=False, trend_ok=False).",/Users/seo_hyun/coding/core/result/negative/_dip_outputs/star0189.png,JD,star0189,refined
/Users/seo_hyun/coding/core/result/negative/star0190.csv,False,0.9996885657310486,2459730.250000001,0.17170409351114135,0.006292275453172457,0.40866605055207095,0.0,68,0.22919943096629547,1.0311910234173929,"Rejected by U/V shape (z=1.03, q3=True, slope=False, lower_rect=False, trend_ok=False).",/Users/seo_hyun/coding/core/result/negative/_dip_outputs/star0190.png,JD,star0190,refined
/Users/seo_hyun/coding/core/result/negative/star0191.csv,False,1.000929594039917,2459730.085231705,0.1779614601491673,0.010705607404051796,0.39923252767343675,0.0,31,0.5549972061793088,1.7114949754373034,"Rejected by U/V shape (z=1.71, q3=True, slope=True, lower_rect=False, trend_ok=False).",/Users/seo_hyun/coding/core/result/negative/_dip_outputs/star0191.png,JD,star0191,refined
/Users/seo_hyun/coding/core/result/negative/star0192.csv,False,0.9946278929710388,2459730.250000001,0.17365439619639383,0.008704810716470375,0.3427593580602375,0.0,69,0.22958981050423274,1.0013837253850824,"Rejected by U/V shape (z=1.00, q3=True, slope=False, lower_rect=False, trend_ok=False).",/Users/seo_hyun/coding/core/result/negative/_dip_outputs/star0192.png,JD,star0192,refined
/Users/seo_hyun/coding/core/result/negative/star0194.csv,False,1.0013039112091064,2459730.250000001,0.1698570603615502,0.0058510263427941816,0.41769810926601125,0.0,68,0.2773100473833933,1.1561104365088908,"Rejected by U/V shape (z=1.16, q3=True, slope=False, lower_rect=False, trend_ok=False).",/Users/seo_hyun/coding/core/result/negative/_dip_outputs/star0194.png,JD,star0194,refined
/Users/seo_hyun/coding/core/result/negative/star0195.csv,False,0.9974094033241272,2459730.250000001,0.1674586972439305,0.007873162036192394,0.36898258789589494,0.0,67,0.2497370706914821,0.5068617506773468,"Rejected by U/V shape (z=0.51, q3=True, slope=False, lower_rect=False, trend_ok=False).",/Users/seo_hyun/coding/core/result/negative/_dip_outputs/star0195.png,JD,star0195,refined
/Users/seo_hyun/coding/core/result/negative/star0196.csv,False,1.0018157958984375,2459730.250000001,0.17502097544126644,0.006335682432010485,0.4077350199075508,0.0,69,0.235898458055403,0.8181797536107539,"Rejected by U/V shape (z=0.82, q3=True, slope=False, lower_rect=False, trend_ok=False).",/Users/seo_hyun/coding/core/result/negative/_dip_outputs/star0196.png,JD,star0196,refined
